mae,mse,r2
14380.354802006897,304370850.16651917,0.8836355758328941
